event_id,event_ts,cam_id,event_type,track_id,person_id,person_name,bbox,posture,people_count,confidence,snapshot_path,extra
1,2026-03-22 04:42:13.991499-07,CAM_01,BOTTLE,,,,null,,1,,,"{""count"": 1}"
2,2026-03-22 04:43:06.438025-07,CAM_01,BOTTLE,,,,null,,0,,,"{""count"": 1}"
3,2026-03-22 04:43:14.50282-07,CAM_01,BOTTLE,,,,null,,1,,,"{""count"": 1}"
4,2026-03-22 04:43:30.767102-07,CAM_01,BOTTLE,,,,null,,0,,,"{""count"": 1}"
5,2026-03-22 04:43:38.800829-07,CAM_01,BOTTLE,,,,null,,0,,,"{""count"": 1}"
6,2026-03-22 04:47:24.590726-07,CAM_01,BOTTLE,,,,null,,1,,,"{""count"": 1}"
7,2026-03-22 04:47:32.690506-07,CAM_01,BOTTLE,,,,null,,1,,,"{""count"": 1}"
8,2026-03-22 09:51:42.518017-07,CAM_01,FALL,1,,,"[408, 141, 1145, 713]",lying,1,,,{}
9,2026-03-22 09:51:42.539359-07,CAM_01,LYING,1,,,"[408, 141, 1145, 713]",lying,1,,,{}
10,2026-03-22 09:52:14.192632-07,CAM_01,FALL,1,,,"[505, 164, 1179, 699]",lying,1,,,{}
11,2026-03-22 09:52:14.209384-07,CAM_01,LYING,1,,,"[505, 164, 1179, 699]",lying,1,,,{}
12,2026-03-22 09:52:25.379477-07,CAM_01,FALL,1,,,"[455, 165, 1193, 713]",lying,2,,,{}
13,2026-03-22 09:52:25.394135-07,CAM_01,LYING,1,,,"[455, 165, 1193, 713]",lying,2,,,{}
14,2026-03-22 09:52:52.13646-07,CAM_01,FALL,1,,,"[387, 154, 1146, 713]",lying,1,,,{}
15,2026-03-22 09:52:52.148924-07,CAM_01,LYING,1,,,"[387, 154, 1146, 713]",lying,1,,,{}
16,2026-03-22 09:53:03.147287-07,CAM_01,LYING,1,,,"[598, 163, 1278, 709]",lying,1,,,{}
17,2026-03-22 09:53:06.734504-07,CAM_01,FALL,1,,,"[269, 23, 1276, 710]",lying,2,,,{}
18,2026-03-22 09:53:11.501969-07,CAM_01,LYING,1,,,"[325, 134, 1270, 712]",lying,1,,,{}
19,2026-03-22 09:53:15.682798-07,CAM_01,FALL,1,,,"[625, 45, 1278, 715]",lying,1,,,{}
20,2026-03-22 09:53:25.709774-07,CAM_01,BOTTLE,,,,null,,1,,,"{""count"": 1}"
21,2026-03-22 09:53:41.665769-07,CAM_01,FALL,1,,,"[192, 16, 1103, 716]",lying,1,,,{}
22,2026-03-22 09:53:41.677661-07,CAM_01,LYING,1,,,"[192, 16, 1103, 716]",lying,1,,,{}
23,2026-03-22 09:53:45.890845-07,CAM_01,BOTTLE,,,,null,,1,,,"{""count"": 1}"
24,2026-03-22 09:53:50.678351-07,CAM_01,LYING,31,,,"[434, 590, 615, 719]",lying,2,,,{}
25,2026-03-22 09:53:52.055708-07,CAM_01,FALL,1,,,"[142, 0, 1254, 710]",lying,1,,,{}
26,2026-03-22 09:53:52.069897-07,CAM_01,LYING,1,,,"[142, 0, 1254, 710]",lying,1,,,{}
27,2026-03-22 09:54:06.984519-07,CAM_01,FALL,1,,,"[588, 1, 1276, 710]",lying,1,,,{}
28,2026-03-22 09:54:06.999074-07,CAM_01,LYING,1,,,"[588, 1, 1276, 710]",lying,1,,,{}
29,2026-03-22 09:54:10.460631-07,CAM_01,BOTTLE,,,,null,,1,,,"{""count"": 1}"
54,2026-03-24 00:48:04.370696-07,CAM_01,BOTTLE,,,,null,,1,,,"{""count"": 1}"
55,2026-03-24 00:48:21.218491-07,CAM_01,BOTTLE,,,,null,,1,,,"{""count"": 1}"
56,2026-03-24 02:55:17.778973-07,CAM_01,FALL,1,,,"[0, 69, 1276, 703]",lying,2,,,{}
57,2026-03-24 02:55:17.815071-07,CAM_01,LYING,1,,,"[0, 69, 1276, 703]",lying,2,,,{}
58,2026-03-24 02:55:32.080061-07,CAM_01,LYING,1,,,"[688, 151, 1278, 704]",lying,2,,,{}
59,2026-03-24 02:55:32.21867-07,CAM_01,FALL,1,,,"[0, 101, 1277, 702]",lying,2,,,{}
60,2026-03-24 02:55:35.229724-07,CAM_01,LYING,2,,,"[1, 326, 738, 710]",lying,2,,,{}
61,2026-03-24 02:56:02.044462-07,CAM_01,LYING,3,,,"[2, 4, 1274, 701]",lying,2,,,{}
62,2026-03-24 02:56:04.141559-07,CAM_01,LYING,4,,,"[1, 315, 640, 704]",lying,2,,,{}
63,2026-03-24 02:56:05.631071-07,CAM_01,FALL,1,,,"[2, 2, 1279, 708]",lying,1,,,{}
64,2026-03-24 02:56:05.65832-07,CAM_01,LYING,1,,,"[2, 2, 1279, 708]",lying,1,,,{}
65,2026-03-24 02:56:14.525136-07,CAM_01,FALL,1,,,"[439, 41, 1279, 711]",lying,1,,,{}
66,2026-03-24 02:56:14.55427-07,CAM_01,LYING,1,,,"[439, 41, 1279, 711]",lying,1,,,{}
67,2026-03-24 02:56:22.596558-07,CAM_01,LYING,1,,,"[463, 135, 1279, 713]",lying,1,,,{}
68,2026-03-24 02:56:30.700137-07,CAM_01,LYING,1,,,"[481, 154, 1277, 711]",lying,1,,,{}
69,2026-03-24 02:56:57.736925-07,CAM_01,FALL,1,,,"[2, 1, 1101, 707]",lying,3,,,{}
70,2026-03-24 02:56:57.752342-07,CAM_01,LYING,1,,,"[2, 1, 1101, 707]",lying,3,,,{}
71,2026-03-24 02:57:21.219318-07,CAM_01,FALL,1,,,"[543, 222, 1278, 706]",lying,1,,,{}
72,2026-03-24 02:57:21.246561-07,CAM_01,LYING,1,,,"[543, 222, 1278, 706]",lying,1,,,{}
73,2026-03-24 02:57:48.917643-07,CAM_01,FALL,1,,,"[532, 120, 1279, 711]",lying,1,,,{}
74,2026-03-24 02:57:48.94058-07,CAM_01,LYING,1,,,"[532, 120, 1279, 711]",lying,1,,,{}
75,2026-03-24 02:57:56.941715-07,CAM_01,LYING,1,,,"[472, 103, 1279, 713]",lying,1,,,{}
76,2026-03-24 02:58:04.948796-07,CAM_01,LYING,1,,,"[468, 99, 1278, 712]",lying,2,,,{}
77,2026-03-24 02:59:45.085289-07,CAM_01,FALL,1,,,"[391, 5, 1277, 709]",lying,2,,,{}
78,2026-03-24 02:59:45.098764-07,CAM_01,LYING,1,,,"[391, 5, 1277, 709]",lying,2,,,{}
79,2026-03-24 02:59:46.141703-07,CAM_01,BOTTLE,,,,null,,2,,,"{""count"": 1}"
80,2026-03-24 02:59:57.663337-07,CAM_01,FALL,1,,,"[640, 232, 1279, 705]",lying,1,,,{}
81,2026-03-24 02:59:57.681515-07,CAM_01,LYING,1,,,"[640, 232, 1279, 705]",lying,1,,,{}
82,2026-03-24 03:00:12.583204-07,CAM_01,BOTTLE,,,,null,,1,,,"{""count"": 1}"
83,2026-03-24 03:00:44.091821-07,CAM_01,BOTTLE,,,,null,,2,,,"{""count"": 1}"
84,2026-03-24 03:00:49.013086-07,CAM_01,FALL,1,,,"[381, 1, 1278, 706]",lying,3,,,{}
85,2026-03-24 03:00:49.024776-07,CAM_01,LYING,1,,,"[381, 1, 1278, 706]",lying,3,,,{}
86,2026-03-24 03:01:03.693831-07,CAM_01,FALL,1,,,"[393, 2, 1278, 709]",lying,2,,,{}
87,2026-03-24 03:01:03.743887-07,CAM_01,LYING,1,,,"[393, 2, 1278, 709]",lying,2,,,{}
88,2026-03-24 03:01:24.122308-07,CAM_01,FALL,1,,,"[348, 0, 1279, 708]",lying,2,,,{}
89,2026-03-24 03:01:24.139485-07,CAM_01,LYING,1,,,"[348, 0, 1279, 708]",lying,2,,,{}
90,2026-03-24 03:01:34.100381-07,CAM_01,FALL,1,,,"[285, 5, 1212, 710]",lying,2,,,{}
91,2026-03-24 03:01:34.126304-07,CAM_01,LYING,1,,,"[285, 5, 1212, 710]",lying,2,,,{}
92,2026-03-24 03:01:42.135521-07,CAM_01,FALL,1,,,"[54, 4, 1123, 707]",lying,1,,,{}
93,2026-03-24 03:01:42.14726-07,CAM_01,LYING,1,,,"[54, 4, 1123, 707]",lying,1,,,{}
94,2026-03-24 03:01:55.820214-07,CAM_01,FALL,1,,,"[402, 16, 1279, 711]",lying,2,,,{}
95,2026-03-24 03:01:55.844917-07,CAM_01,LYING,1,,,"[402, 16, 1279, 711]",lying,2,,,{}
96,2026-03-24 03:02:03.877386-07,CAM_01,LYING,1,,,"[528, 200, 1238, 713]",lying,2,,,{}
97,2026-03-24 03:02:08.213524-07,CAM_01,FALL,1,,,"[363, 1, 1279, 709]",lying,2,,,{}
98,2026-03-24 03:02:11.913482-07,CAM_01,LYING,1,,,"[370, 2, 1278, 708]",lying,2,,,{}
99,2026-03-24 03:02:16.331677-07,CAM_01,FALL,1,,,"[390, 1, 1279, 710]",lying,2,,,{}
100,2026-03-24 03:02:23.99293-07,CAM_01,LYING,1,,,"[221, 3, 1172, 711]",lying,2,,,{}
101,2026-03-24 03:02:24.322487-07,CAM_01,FALL,1,,,"[1, 303, 1253, 709]",lying,2,,,{}
102,2026-03-24 03:02:42.437987-07,CAM_01,FALL,1,,,"[383, 4, 1278, 707]",lying,2,,,{}
103,2026-03-24 03:02:42.451355-07,CAM_01,LYING,1,,,"[383, 4, 1278, 707]",lying,2,,,{}
104,2026-03-24 03:03:26.748956-07,CAM_01,FALL,1,,,"[396, 41, 1278, 711]",lying,2,,,{}
105,2026-03-24 03:03:26.768876-07,CAM_01,LYING,1,,,"[396, 41, 1278, 711]",lying,2,,,{}
106,2026-03-24 03:03:34.819074-07,CAM_01,LYING,1,,,"[312, 2, 1278, 706]",lying,2,,,{}
107,2026-03-24 03:03:42.812528-07,CAM_01,LYING,1,,,"[297, 0, 1278, 705]",lying,2,,,{}
108,2026-03-24 03:03:50.823458-07,CAM_01,LYING,1,,,"[295, 2, 1278, 706]",lying,2,,,{}
109,2026-03-24 03:04:01.39695-07,CAM_01,LYING,1,,,"[359, 3, 1278, 709]",lying,2,,,{}
110,2026-03-24 03:04:03.885216-07,CAM_01,FALL,1,,,"[395, 2, 1279, 709]",lying,1,,,{}
111,2026-03-24 03:04:26.006272-07,CAM_01,FALL,1,,,"[361, 43, 1274, 710]",lying,2,,,{}
112,2026-03-24 03:04:26.035253-07,CAM_01,LYING,1,,,"[361, 43, 1274, 710]",lying,2,,,{}
113,2026-03-24 03:04:36.304639-07,CAM_01,LYING,1,,,"[399, 4, 1278, 707]",lying,2,,,{}
114,2026-03-24 03:04:44.716489-07,CAM_01,LYING,1,,,"[399, 4, 1279, 706]",lying,1,,,{}
115,2026-03-24 03:04:50.141108-07,CAM_01,FALL,1,,,"[399, 4, 1278, 707]",lying,1,,,{}
116,2026-03-24 03:04:52.739148-07,CAM_01,LYING,1,,,"[393, 4, 1278, 707]",lying,2,,,{}
117,2026-03-24 03:05:13.615841-07,CAM_01,LYING,1,,,"[393, 1, 1279, 708]",lying,2,,,{}
118,2026-03-24 03:05:51.215667-07,CAM_01,FALL,1,,,"[394, 69, 1279, 713]",lying,2,,,{}
119,2026-03-24 03:05:51.231548-07,CAM_01,LYING,1,,,"[394, 69, 1279, 713]",lying,2,,,{}
120,2026-03-24 03:05:59.323951-07,CAM_01,LYING,1,,,"[431, 198, 1199, 716]",lying,2,,,{}
151,2026-03-24 05:57:15.854062-07,CAM_01,FALL,3,,,"[220, 4, 1278, 711]",lying,1,,,{}
152,2026-03-24 05:57:15.884029-07,CAM_01,LYING,3,,,"[220, 4, 1278, 711]",lying,1,,,{}
153,2026-03-24 05:58:14.588654-07,CAM_01,BOTTLE,,,,null,,1,,,"{""count"": 1}"
154,2026-03-24 05:58:15.044597-07,CAM_01,FALL,3,,,"[199, 3, 1173, 706]",lying,1,,,{}
155,2026-03-24 05:58:15.089582-07,CAM_01,LYING,3,,,"[199, 3, 1173, 706]",lying,1,,,{}
156,2026-03-24 05:58:22.861951-07,CAM_01,BOTTLE,,,,null,,1,,,"{""count"": 1}"
157,2026-03-24 05:58:28.031805-07,CAM_01,FALL,3,,,"[0, 2, 991, 709]",lying,1,,,{}
158,2026-03-24 05:58:28.043698-07,CAM_01,LYING,3,,,"[0, 2, 991, 709]",lying,1,,,{}
159,2026-03-24 06:00:07.1149-07,CAM_01,FALL,3,,,"[14, 0, 1222, 709]",lying,1,,,{}
160,2026-03-24 06:00:07.132323-07,CAM_01,LYING,3,,,"[14, 0, 1222, 709]",lying,1,,,{}
161,2026-03-24 06:00:20.376087-07,CAM_01,BOTTLE,,,,null,,1,,,"{""count"": 1}"
162,2026-03-24 06:00:29.799656-07,CAM_01,BOTTLE,,,,null,,1,,,"{""count"": 1}"
163,2026-03-24 06:00:31.464039-07,CAM_01,FALL,3,,,"[0, 2, 1071, 707]",lying,1,,,{}
164,2026-03-24 06:00:31.479228-07,CAM_01,LYING,3,,,"[0, 2, 1071, 707]",lying,1,,,{}
165,2026-03-24 06:01:25.331572-07,CAM_01,LYING,3,,,"[0, 0, 1278, 701]",lying,1,,,{}
166,2026-03-24 06:13:32.625822-07,CAM_01,LYING,24,,,"[131, 1, 1279, 705]",lying,1,,,{}
167,2026-03-24 06:17:21.923083-07,CAM_01,LYING,52,,,"[817, 346, 1278, 712]",lying,1,,,{}
168,2026-03-24 06:30:39.449395-07,CAM_01,LYING,71,,,"[1082, 54, 1279, 711]",lying,1,,,{}
169,2026-03-24 06:35:04.26793-07,CAM_01,FALL,88,,,"[899, 3, 1278, 712]",lying,1,,,{}
170,2026-03-24 06:35:04.284007-07,CAM_01,LYING,88,,,"[899, 3, 1278, 712]",lying,1,,,{}
171,2026-03-24 06:39:11.524523-07,CAM_01,LYING,90,,,"[1084, 0, 1279, 703]",lying,1,,,{}
172,2026-03-24 07:27:03.414158-07,CAM_01,FALL,2,,,"[411, 102, 1278, 710]",lying,1,,,{}
173,2026-03-24 07:27:03.434029-07,CAM_01,LYING,2,,,"[411, 102, 1278, 710]",lying,1,,,{}
174,2026-03-24 07:27:14.959916-07,CAM_01,FALL,2,,,"[484, 98, 1260, 708]",lying,1,,,{}
175,2026-03-24 07:27:14.979892-07,CAM_01,LYING,2,,,"[484, 98, 1260, 708]",lying,1,,,{}
176,2026-03-24 07:27:31.3909-07,CAM_01,FALL,2,,,"[0, 16, 1142, 713]",lying,1,,,{}
177,2026-03-24 07:27:31.403402-07,CAM_01,LYING,2,,,"[0, 16, 1142, 713]",lying,1,,,{}
178,2026-03-24 07:27:32.654984-07,CAM_01,BOTTLE,,,,null,,1,,,"{""count"": 1}"
179,2026-03-24 07:27:41.193437-07,CAM_01,BOTTLE,,,,null,,1,,,"{""count"": 1}"
180,2026-03-24 07:27:49.210662-07,CAM_01,BOTTLE,,,,null,,1,,,"{""count"": 1}"
181,2026-03-24 07:27:52.25466-07,CAM_01,FALL,2,,,"[268, 29, 1142, 709]",lying,2,,,{}
182,2026-03-24 07:27:52.270614-07,CAM_01,LYING,2,,,"[268, 29, 1142, 709]",lying,2,,,{}
183,2026-03-24 07:38:48.506073-07,CAM_01,BOTTLE,,,,null,,1,,,"{""count"": 1}"
184,2026-03-24 07:38:56.510221-07,CAM_01,BOTTLE,,,,null,,1,,,"{""count"": 1}"
185,2026-03-24 07:39:04.569737-07,CAM_01,BOTTLE,,,,null,,1,,,"{""count"": 1}"
186,2026-03-24 07:39:12.616415-07,CAM_01,BOTTLE,,,,null,,1,,,"{""count"": 1}"
187,2026-03-24 07:39:20.63706-07,CAM_01,BOTTLE,,,,null,,1,,,"{""count"": 2}"
188,2026-03-24 19:17:48.087493-07,CAM_01,LYING,2,,,"[317, 0, 1278, 706]",lying,1,,,{}
189,2026-03-24 19:17:59.387678-07,CAM_01,FALL,2,,,"[0, 3, 1277, 710]",lying,1,,,{}
190,2026-03-24 19:17:59.401813-07,CAM_01,LYING,2,,,"[0, 3, 1277, 710]",lying,1,,,{}
191,2026-03-24 19:18:01.226938-07,CAM_01,BOTTLE,,,,null,,1,,,"{""count"": 1}"
192,2026-03-24 19:18:09.638303-07,CAM_01,BOTTLE,,,,null,,1,,,"{""count"": 1}"
193,2026-03-24 19:18:20.419504-07,CAM_01,BOTTLE,,,,null,,1,,,"{""count"": 1}"
194,2026-03-24 19:18:28.442327-07,CAM_01,BOTTLE,,,,null,,1,,,"{""count"": 1}"
195,2026-03-24 19:18:32.060603-07,CAM_01,FALL,2,,,"[0, 7, 1277, 710]",lying,1,,,{}
196,2026-03-24 19:18:32.074743-07,CAM_01,LYING,2,,,"[0, 7, 1277, 710]",lying,1,,,{}
197,2026-03-24 19:20:47.440381-07,CAM_01,FALL,2,,,"[426, 89, 1279, 711]",lying,1,,,{}
198,2026-03-24 19:20:47.451408-07,CAM_01,LYING,2,,,"[426, 89, 1279, 711]",lying,1,,,{}
199,2026-03-24 19:24:07.372844-07,CAM_01,FALL,2,,,"[364, 1, 1278, 715]",lying,2,,,{}
200,2026-03-24 19:24:07.386647-07,CAM_01,LYING,2,,,"[364, 1, 1278, 715]",lying,2,,,{}
201,2026-03-24 19:24:28.437523-07,CAM_01,FALL,46,,,"[330, 0, 1279, 713]",lying,1,,,{}
202,2026-03-24 19:24:28.450579-07,CAM_01,LYING,46,,,"[330, 0, 1279, 713]",lying,1,,,{}
203,2026-03-25 00:19:15.008385-07,CAM_01,FALL,21,,,"[4, 3, 1005, 700]",lying,1,,,{}
204,2026-03-25 00:19:15.038189-07,CAM_01,LYING,21,,,"[4, 3, 1005, 700]",lying,1,,,{}
205,2026-03-25 00:19:23.208172-07,CAM_01,LYING,21,,,"[93, 2, 1261, 701]",lying,1,,,{}
206,2026-03-25 00:19:27.174407-07,CAM_01,FALL,21,,,"[80, 3, 1272, 700]",lying,1,,,{}
207,2026-03-25 00:23:18.63388-07,CAM_01,FALL,34,,,"[995, 6, 1278, 710]",lying,1,,,{}
208,2026-03-25 00:23:18.645054-07,CAM_01,LYING,34,,,"[995, 6, 1278, 710]",lying,1,,,{}
209,2026-03-25 00:27:24.558201-07,CAM_01,LYING,72,,,"[627, 285, 1278, 708]",lying,1,,,{}
210,2026-03-25 00:30:29.093574-07,CAM_01,FALL,103,,,"[590, 188, 1279, 712]",lying,1,,,{}
211,2026-03-25 00:30:29.151109-07,CAM_01,LYING,103,,,"[590, 188, 1279, 712]",lying,1,,,{}
212,2026-03-25 00:31:09.657499-07,CAM_01,FALL,109,,,"[434, 56, 1279, 711]",lying,1,,,{}
213,2026-03-25 00:31:09.673416-07,CAM_01,LYING,109,,,"[434, 56, 1279, 711]",lying,1,,,{}
214,2026-03-25 00:31:18.887131-07,CAM_01,FALL,109,,,"[484, 97, 1279, 712]",lying,1,,,{}
215,2026-03-25 00:31:18.899606-07,CAM_01,LYING,109,,,"[484, 97, 1279, 712]",lying,1,,,{}
216,2026-03-25 00:31:31.799994-07,CAM_01,BOTTLE,,,,null,,1,,,"{""count"": 1}"
217,2026-03-25 00:31:39.816503-07,CAM_01,BOTTLE,,,,null,,1,,,"{""count"": 1}"
218,2026-03-25 00:31:48.443469-07,CAM_01,BOTTLE,,,,null,,1,,,"{""count"": 1}"
219,2026-03-25 00:31:54.364569-07,CAM_01,LYING,109,,,"[7, 3, 1277, 702]",lying,1,,,{}
220,2026-03-25 00:31:56.856284-07,CAM_01,FALL,109,,,"[769, 5, 1278, 710]",lying,1,,,{}
221,2026-03-25 00:32:05.271938-07,CAM_01,FALL,109,,,"[857, 1, 1278, 713]",lying,1,,,{}
222,2026-03-25 00:32:05.288232-07,CAM_01,LYING,109,,,"[857, 1, 1278, 713]",lying,1,,,{}
223,2026-03-25 00:32:25.374062-07,CAM_01,LYING,109,,,"[884, 4, 1279, 712]",lying,1,,,{}
224,2026-03-25 00:33:28.097131-07,CAM_01,FALL,123,,,"[737, 5, 1278, 708]",lying,1,,,{}
225,2026-03-25 00:33:28.111239-07,CAM_01,LYING,123,,,"[737, 5, 1278, 708]",lying,1,,,{}
226,2026-03-25 00:33:55.492188-07,CAM_01,LYING,123,,,"[746, 6, 1278, 707]",lying,1,,,{}
227,2026-03-25 00:33:57.696149-07,CAM_01,FALL,123,,,"[749, 4, 1278, 709]",lying,1,,,{}
228,2026-03-25 00:34:11.421664-07,CAM_01,FALL,123,,,"[899, 2, 1279, 714]",lying,1,,,{}
229,2026-03-25 00:34:11.440792-07,CAM_01,LYING,123,,,"[899, 2, 1279, 714]",lying,1,,,{}
230,2026-03-25 00:34:44.393036-07,CAM_01,FALL,123,,,"[374, 9, 1279, 712]",lying,1,,,{}
231,2026-03-25 00:34:44.424028-07,CAM_01,LYING,123,,,"[374, 9, 1279, 712]",lying,1,,,{}
232,2026-03-25 00:35:01.139092-07,CAM_01,FALL,123,,,"[480, 74, 1279, 709]",lying,1,,,{}
233,2026-03-25 00:35:01.152474-07,CAM_01,LYING,123,,,"[480, 74, 1279, 709]",lying,1,,,{}
234,2026-03-25 00:35:14.21187-07,CAM_01,FALL,123,,,"[553, 6, 1278, 706]",lying,1,,,{}
235,2026-03-25 00:35:14.23321-07,CAM_01,LYING,123,,,"[553, 6, 1278, 706]",lying,1,,,{}
236,2026-03-25 00:35:26.639092-07,CAM_01,FALL,123,,,"[484, 128, 1278, 709]",lying,1,,,{}
237,2026-03-25 00:35:26.651227-07,CAM_01,LYING,123,,,"[484, 128, 1278, 709]",lying,1,,,{}
238,2026-03-25 00:37:05.824184-07,CAM_01,FALL,142,,,"[703, 5, 1278, 708]",lying,1,,,{}
239,2026-03-25 00:37:05.850929-07,CAM_01,LYING,142,,,"[703, 5, 1278, 708]",lying,1,,,{}
240,2026-03-25 00:38:00.848221-07,CAM_01,FALL,142,,,"[328, 175, 1036, 717]",lying,1,,,{}
241,2026-03-25 00:38:00.859372-07,CAM_01,LYING,142,,,"[328, 175, 1036, 717]",lying,1,,,{}
242,2026-03-25 00:38:08.887117-07,CAM_01,LYING,142,,,"[308, 208, 1127, 714]",lying,1,,,{}
243,2026-03-25 00:39:02.787132-07,CAM_01,FALL,142,,,"[765, 3, 1278, 712]",lying,1,,,{}
244,2026-03-25 00:39:02.802662-07,CAM_01,LYING,142,,,"[765, 3, 1278, 712]",lying,1,,,{}
245,2026-03-25 00:40:20.130259-07,CAM_01,FALL,156,,,"[823, 0, 1279, 713]",lying,1,,,{}
246,2026-03-25 00:40:20.172133-07,CAM_01,LYING,156,,,"[823, 0, 1279, 713]",lying,1,,,{}
247,2026-03-25 00:40:46.103236-07,CAM_01,FALL,163,,,"[489, 159, 1278, 711]",lying,1,,,{}
248,2026-03-25 00:40:46.134849-07,CAM_01,LYING,163,,,"[489, 159, 1278, 711]",lying,1,,,{}
249,2026-03-25 00:40:54.125154-07,CAM_01,LYING,163,,,"[761, 11, 1279, 712]",lying,1,,,{}
250,2026-03-25 00:40:54.856997-07,CAM_01,FALL,163,,,"[759, 8, 1279, 712]",lying,1,,,{}
251,2026-03-25 00:41:02.146845-07,CAM_01,LYING,163,,,"[765, 9, 1279, 714]",lying,1,,,{}
